id,Tg,FFV,Tc,Density,Rg
1109053969,-2.5268505,0.37290427,0.23826635,0.98792356,16.185196
1422188626,-2.5268543,0.38149068,0.24794362,0.96295846,16.175173
2032016830,-2.5268476,0.35341793,0.23033828,1.0535729,15.666262
